list,100000
pose,147
area,139
fals,137
funer,137
chamber,137
object,134
boon,133
stori,133
mclaughlin,133
neither,132
watt,132
squar,132
enthusiasm,131
caution,129
mathew,129
marriott,129
regular,128
BC,128
then,128
integr,128
tackl,127
priorit,127
gina,127
cost,127
unlik,127
eugenio,126
likelihood,126
addit,125
luck,125
hire,125
guaranti,125
dealt,125
region,125
yvonn,125
crane,125
valley,125
label,125
rasmussen,124
AN,124
router,124
bounc,124
temp,124
carolin,124
broken,124
wade,124
charact,124
pool,124
ON,124
spin,123
protocol,123
metal,123
porch,123
bu,123
improv,123
optim,123
gray,123
guarante,123
So,123
wong,123
interest,123
waiver,123
gonzal,123
inconveni,123
bernstein,123
coop,123
strain,122
quick,122
element,122
ride,122
fight,122
charter,122
worldwid,122
lien,122
shoemak,122
regret,122
websit,122
comput,122
central,122
game,122
spa,122
hector,122
path,122
maggi,122
AP,121
exclus,121
furnish,121
franklin,121
neglect,121
restaur,121
jenni,121
lastli,121
defici,121
exhibit,121
incred,121
PA,121
girl,121
shout,121
shutdown,121
august,121
apollo,121
long,121
asid,121
kathi,121
qualifi,121
part,121
monopoli,120
loop,120
convinc,120
academ,120
credibl,120
orient,120
wash,120
hourli,120
rapid,120
ext,120
elliott,120
devil,120
page,120
sullivan,120
satisfact,119
ceremoni,119
bought,119
ignor,119
embed,119
cautiou,119
wheel,119
michael,119
christi,119
critic,119
bell,119
ii,119
consolid,119
score,119
women,119
taylor,119
logic,119
singapor,119
wyom,119
recruit,119
zip,119
confid,119
link,119
yet,119
world,119
erik,119
phrase,119
minimum,119
thrown,119
british,119
most,119
longer,119
buyer,119
eventu,119
delta,119
packet,119
marisa,119
chill,119
luncheon,119
victor,118
ted,118
succeed,118
envelop,118
select,118
outfit,118
elect,118
eel,118
delet,118
enthusiast,118
hesit,118
clay,118
board,118
disclos,118
besid,118
utah,118
rob,118
asian,118
access,118
fortun,118
laura,118
boyfriend,118
lon,118
criteria,118
collin,118
christoph,118
glenn,118
chuck,118
presum,118
later,118
mile,118
sorri,118
aw,118
preciou,118
franchis,118
mont,118
press,118
tube,118
cat,118
retroact,118
peter,118
adapt,118
wall,118
fitzgerald,117
vast,117
coo,117
submiss,117
further,117
deregul,117
exot,117
subcommitte,117
stress,117
advoc,117
bunch,117
valeri,117
driver,117
virus,117
strand,117
carrier,117
walter,117
welcom,117
cab,117
fallon,117
honey,117
rusti,117
degre,117
gulf,117
watch,117
mcconnel,117
louisiana,117
factori,117
democrat,117
fit,117
sach,117
main,117
ina,117
minor,117
merchant,117
peac,117
seller,117
shelbi,117
endors,117
accept,117
geoff,117
abbrevi,117
japanes,117
nomin,117
maureen,117
character,117
speak,117
activ,117
successor,117
palm,117
subscript,117
elliot,117
GD,117
bull,117
jose,117
citibank,117
diffus,117
NW,117
disast,116
border,116
everyon,116
shine,116
analysi,116
experi,116
lengthi,116
torrey,116
merci,116
termin,116
repeat,116
protest,116
nap,116
cum,116
repair,116
friendli,116
song,116
tracey,116
anytim,116
three,116
kristi,116
Ed,116
resolv,116
wisconsin,116
float,116
incident,116
portfolio,116
VP,116
penn,116
vanc,116
amend,116
confer,116
smoothli,116
decreas,116
On,116
theoret,116
now,116
staf,116
hill,116
record,116
evid,116
knew,116
concept,116
loretta,116
estat,116
unchang,116
describ,116
markup,116
individu,116
hawkin,116
night,116
NT,116
BY,115
checklist,115
intens,115
fuck,115
outstand,115
formerli,115
empti,115
moment,115
paraleg,115
eastern,115
hay,115
lawyer,115
derek,115
boe,115
hal,115
packag,115
veri,115
telephon,115
arrang,115
upgrad,115
elsa,115
perri,115
internship,115
publish,115
display,115
serious,115
husband,115
janic,115
aug,115
loser,115
some,115
panda,115
retransmiss,115
Ha,115
bake,115
stack,115
sheila,115
especi,115
lindi,115
knowledg,115
explain,115
ian,115
payrol,115
stuff,115
ID,115
off,115
futur,115
checkout,115
hardli,115
will,115
commentari,115
kathleen,115
bottl,115
thorough,115
premium,115
allianc,115
revisit,115
alabama,115
miner,115
elli,115
properli,115
therebi,115
saw,115
best,114
databas,114
CD,114
lawrenc,114
birthday,114
kern,114
aime,114
mba,114
natali,114
highway,114
summer,114
walk,114
expert,114
btu,114
enter,114
partner,114
northern,114
consum,114
error,114
grand,114
constitut,114
holden,114
louis,114
parson,114
TX,114
glad,114
yoder,114
compressor,114
horizon,114
unbeliev,114
ali,114
arbitrag,114
control,114
sign,114
thur,114
stat,114
refineri,114
care,114
ya,114
troubl,114
reluct,114
interfac,114
jefferi,114
lauren,114
held,114
distinct,114
super,114
netscap,114
cumul,114
tweed,114
keynot,114
genuin,114
pull,114
whatsoev,114
deviat,114
townsend,114
hike,114
secondli,114
toll,114
michigan,114
jackson,114
block,114
congrat,114
minim,114
scare,114
interview,114
appreci,114
expedit,114
internet,114
risk,114
su,114
SC,114
grade,114
fox,114
plan,114
brent,114
regist,114
forget,114
reflect,113
four,113
dunn,113
shortag,113
lng,113
passion,113
dollar,113
spread,113
quickli,113
blair,113
accru,113
worksheet,113
mountain,113
willi,113
inspect,113
andi,113
nebraska,113
war,113
took,113
petrochem,113
schultz,113
built,113
japan,113
retir,113
comp,113
local,113
LA,113
across,113
lo,113
radio,113
master,113
sleep,113
empir,113
solid,113
revenu,113
product,113
oracl,113
here,113
raw,113
nut,113
nonetheless,113
hole,113
galleria,113
leas,113
lender,113
para,113
desktop,113
conni,113
store,113
determin,113
hamilton,113
shipment,113
gain,113
major,113
move,113
sat,113
gentlemen,113
cloud,113
blew,113
temporari,113
unless,113
mainten,113
candid,113
hi,113
walton,113
By,113
pay,113
weekend,113
barbour,113
sacramento,113
famou,113
fountain,113
ongo,113
disturb,113
gonzalez,113
dure,113
rapidli,113
particularli,113
nasdaq,113
paramet,113
liabl,113
drill,113
dawn,113
ace,113
peak,113
anyon,113
output,113
jarrod,113
headlin,113
equip,113
patric,113
marco,113
chri,113
audit,112
opposit,112
republ,112
inevit,112
henc,112
furthermor,112
login,112
decent,112
stock,112
disagr,112
cancel,112
age,112
revert,112
reg,112
guerrero,112
report,112
mortgag,112
latest,112
verd,112
conting,112
tabl,112
frustrat,112
interim,112
doc,112
tough,112
requisit,112
avail,112
mo,112
touch,112
republican,112
sight,112
piper,112
underli,112
capabl,112
particip,112
withhold,112
Oh,112
tee,112
He,112
incur,112
wider,112
facsimil,112
code,112
MY,112
reimburs,112
retain,112
noel,112
agenc,112
samuel,112
prep,112
No,112
avoid,112
revis,112
PS,112
complain,112
howard,112
captur,112
perform,112
within,112
floor,112
PX,112
bore,112
forth,112
alon,112
hereund,112
surround,112
advantag,112
patti,112
gateway,112
addresse,112
intern,112
gut,112
oper,112
aspect,112
steven,112
arguabl,112
megan,112
kelley,112
team,112
bailout,112
mexico,112
sand,112
trim,112
carol,112
often,112
clerk,112
DA,112
grate,112
congest,112
proce,112
depend,112
replac,112
beef,112
blotter,111
hoffman,111
letterhead,111
profit,111
line,111
fun,111
award,111
mccullough,111
profil,111
benefit,111
glanc,111
patent,111
variat,111
IF,111
queri,111
up,111
meantim,111
qualiti,111
truth,111
lone,111
rain,111
subject,111
drop,111
breakdown,111
kori,111
vessel,111
congratul,111
power,111
ugli,111
discontinu,111
emerg,111
discoveri,111
chemic,111
boy,111
robin,111
ahead,111
indirectli,111
postmast,111
love,111
woodland,111
seek,111
frozen,111
knight,111
fool,111
verifi,111
facilit,111
sweet,111
ski,111
logist,111
alberta,111
bean,111
scream,111
until,111
conclus,111
contractu,111
supplier,111
wherea,111
happi,111
jump,111
excerpt,111
Si,111
myer,111
iowa,111
CT,111
liberti,111
whine,111
newli,111
shari,111
dolor,111
threw,111
Dr,111
steer,111
dale,111
england,111
modem,111
conduct,111
martha,111
role,111
sean,111
An,111
cst,111
championship,111
departur,111
hunter,111
aircraft,111
cassandra,111
concurr,111
um,111
mistak,111
mathemat,111
frankli,111
facil,111
american,111
nyc,111
ate,111
stuck,111
vladimir,111
accur,111
pamela,111
expir,111
pretend,111
ought,111
show,111
trevino,111
way,111
draw,111
undertak,111
vari,111
gotten,111
canadian,111
employ,111
currenc,111
tiger,111
surg,111
applic,111
stupid,111
signific,111
spirit,111
charl,111
fort,110
turbin,110
littl,110
enclosur,110
shot,110
branch,110
loan,110
depart,110
proceed,110
henri,110
ratepay,110
gym,110
oppon,110
debt,110
camp,110
waiv,110
debat,110
threaten,110
represent,110
divorc,110
glen,110
add,110
dri,110
wound,110
your,110
van,110
prevail,110
irvin,110
redraft,110
UK,110
en,110
burn,110
australia,110
rare,110
cpa,110
contrast,110
suffer,110
wang,110
shop,110
plenti,110
onli,110
novemb,110
transform,110
greater,110
fresh,110
melba,110
reader,110
amort,110
underway,110
uncomfort,110
batch,110
secondari,110
phylli,110
greet,110
annuiti,110
coven,110
constraint,110
assur,110
es,110
mariann,110
alto,110
jul,110
kid,110
At,110
expos,110
roseann,110
resent,110
nois,110
eddi,110
mitch,110
kimberle,110
context,110
threat,110
letter,110
Ya,110
origin,110
handl,110
nasti,110
ole,110
reyna,110
stan,110
beauti,110
total,110
quantiti,110
kurt,110
redmond,110
dana,110
theresa,110
graduat,110
merger,110
kelli,110
stake,110
mccoy,110
washington,110
secur,110
co,110
compress,110
fraud,110
uniqu,110
heidi,110
effici,110
dude,110
garag,110
atmospher,110
HE,110
chevron,110
mid,110
aid,110
stone,110
wipe,110
pop,110
dilig,109
journal,109
campaign,109
motley,109
doyl,109
judi,109
cherri,109
eve,109
fantast,109
intermedi,109
excel,109
alert,109
whi,109
tommi,109
relationship,109
engin,109
actual,109
judgment,109
contest,109
wan,109
finish,109
whose,109
joey,109
johnston,109
coat,109
servic,109
contrari,109
moder,109
cpr,109
observ,109
plug,109
absorb,109
rescu,109
ball,109
plead,109
fran,109
platter,109
Li,109
albert,109
though,109
nicki,109
wet,109
soft,109
whip,109
jet,109
carla,109
carolina,109
exam,109
cup,109
Rd,109
imposs,109
bilater,109
clearanc,109
alvarez,109
regularli,109
christa,109
immedi,109
testimoni,109
yell,109
financ,109
emeri,109
readili,109
SP,109
nation,109
proven,109
media,109
repli,109
cliff,109
chosen,109
duti,109
moreov,109
tender,109
ste,109
borrow,109
licens,109
disappoint,109
baxter,109
satisfi,109
timet,109
govt,109
hard,109
procedur,109
obviou,109
jail,109
butler,109
intellectu,109
pump,109
alberto,109
resum,109
stakehold,109
neat,109
escrow,109
porter,109
josh,109
lack,109
buddi,109
inn,109
orlando,109
EB,109
announc,109
german,109
suspici,109
passag,109
blind,109
overrid,109
illinoi,109
assembl,109
mill,109
roy,109
girlfriend,108
around,108
shore,108
streamlin,108
horn,108
vulner,108
enforc,108
newslett,108
audienc,108
admir,108
accomplish,108
adult,108
size,108
sanction,108
molli,108
yesterday,108
clearer,108
basebal,108
statut,108
dispos,108
present,108
return,108
plane,108
pm,108
influenc,108
forgot,108
desir,108
humbl,108
nicol,108
light,108
beyond,108
blown,108
throughout,108
audio,108
econom,108
preced,108
past,108
recip,108
spent,108
charg,108
sam,108
thereto,108
barrett,108
jersey,108
resist,108
pitch,108
largest,108
california,108
fabul,108
notifi,108
patricia,108
typo,108
deposit,108
unavail,108
under,108
south,108
mayb,108
shipper,108
auburn,108
twist,108
forest,108
ST,108
oak,108
none,108
crash,108
territori,108
meaning,108
incumb,108
simon,108
opt,108
star,108
vet,108
dash,108
shell,108
iron,108
patterson,108
dad,108
needless,108
updat,108
andr,108
circuit,108
sometim,108
refresh,108
regul,108
bracket,108
indemn,108
anniversari,108
honestli,108
cocktail,108
charli,108
combin,108
relay,108
linda,108
earl,108
which,108
surfac,108
hydro,108
connect,108
carey,108
downtown,108
slate,108
ed,108
split,108
editor,108
reveal,108
worker,108
advertis,108
invalid,108
AB,108
half,108
AG,108
popular,108
deliver,108
shoe,108
edt,108
oil,108
jun,108
mississippi,108
Jr,108
audrey,108
MS,108
donovan,108
comm,108
signal,108
chees,108
point,108
kit,108
uniform,108
alexandra,108
shawn,108
mirror,108
expans,108
sport,108
occas,108
boot,108
scenario,108
hit,108
jane,108
apr,108
her,108
small,108
earliest,108
greg,108
surgeri,108
restor,108
farm,108
overse,108
accordingli,108
friendship,108
merit,108
quarterli,108
substant,108
thompson,108
miser,108
avg,108
father,108
edison,108
rent,108
disconnect,108
lost,108
airfar,108
rental,108
donald,108
dessert,108
through,108
approv,108
pittsburgh,108
bulk,108
pain,108
broadband,107
mallori,107
briefli,107
holiday,107
speech,107
key,107
nguyen,107
allison,107
ts,107
doubl,107
NP,107
morri,107
governor,107
juan,107
vicker,107
higher,107
bonni,107
brett,107
gentleman,107
pete,107
say,107
place,107
bargain,107
stoke,107
spill,107
necessari,107
turner,107
administr,107
kimberli,107
agricultur,107
lowest,107
fowler,107
preserv,107
saturday,107
amaz,107
ronald,107
petroleum,107
attn,107
benefici,107
buffalo,107
execut,107
perhap,107
damag,107
dine,107
spike,107
clearli,107
abus,107
midnight,107
jolli,107
perceiv,107
builder,107
battl,107
desk,107
bump,107
season,107
janett,107
share,107
ram,107
disregard,107
milli,107
compet,107
sex,107
austin,107
longhorn,107
cake,107
lydia,107
locat,107
jennif,107
flower,107
banker,107
venu,107
PL,107
strictli,107
order,107
burden,107
eric,107
yolanda,107
circumst,107
pocket,107
formal,107
iri,107
system,107
competitor,107
gregg,107
six,107
can,107
constrain,107
heat,107
ticker,107
sustain,107
certif,107
sunday,107
olson,107
drug,107
prohibit,107
toss,107
cast,107
supplement,107
delight,107
intercontinent,107
caus,107
fay,107
client,107
lauri,107
allow,107
shift,107
usa,107
trip,107
ion,107
val,107
huge,107
reliabl,107
warn,107
bench,107
prc,107
explor,107
feb,107
ned,107
grab,107
method,107
cooler,107
cara,107
mind,107
forecast,107
karen,107
afternoon,106
anyway,106
forev,106
readi,106
desper,106
exec,106
sixth,106
inadvert,106
header,106
conceptu,106
abil,106
loud,106
coral,106
leak,106
harrison,106
permiss,106
hey,106
stop,106
put,106
brainstorm,106
leon,106
cart,106
bennett,106
rs,106
compel,106
death,106
hot,106
preclud,106
advic,106
cathi,106
renegoti,106
frank,106
denni,106
beat,106
loui,106
exploit,106
restart,106
adob,106
needl,106
troy,106
dept,106
stabl,106
said,106
version,106
julian,106
affect,106
revers,106
flynn,106
brand,106
nose,106
salari,106
ginger,106
roster,106
attempt,106
judg,106
gift,106
debbi,106
enterpris,106
withdraw,106
beach,106
suitabl,106
thereaft,106
angi,106
wk,106
vehicl,106
difficulti,106
unfortun,106
possess,106
shotgun,106
ken,106
vote,106
result,106
protect,106
ralph,106
navig,106
MM,106
bathroom,106
wine,106
restructur,106
basket,106
equiti,106
testifi,106
cut,106
festiv,106
mainlin,106
wonder,106
optimist,106
seattl,106
cayman,106
blackout,106
consumpt,106
alway,106
beverag,106
suzann,106
Re,106
commerci,106
worst,106
persuad,106
near,106
shame,106
duplic,106
gun,106
latter,106
griffin,106
asia,106
offici,106
popul,106
recap,106
kirbi,106
nearli,106
top,106
gordon,106
tel,106
counter,106
beer,106
BA,106
bow,106
davidson,106
gang,106
boat,106
compar,106
wind,106
indic,106
wed,106
mobil,106
aol,106
apt,106
map,106
should,106
target,106
graph,106
high,106
heck,106
calif,106
bye,106
lyon,106
bug,106
process,106
transact,106
conveni,106
evolut,106
famili,106
quantit,106
offer,106
digit,106
unus,106
chapman,106
violat,106
coke,106
upsid,106
rock,106
play,106
into,105
conced,105
bureau,105
differ,105
gave,105
pursu,105
chicken,105
patel,105
pc,105
CA,105
volunt,105
countri,105
aluminum,105
fast,105
claim,105
blame,105
worthless,105
bob,105
advis,105
brad,105
blake,105
settlement,105
cool,105
La,105
jodi,105
omiss,105
del,105
learn,105
ten,105
lawsuit,105
statutori,105
charlott,105
mann,105
commiss,105
workshop,105
northwest,105
intellig,105
couch,105
scienc,105
race,105
freeman,105
volumetr,105
law,105
had,105
tail,105
laugh,105
advisor,105
pan,105
serv,105
advanc,105
rest,105
oversea,105
elimin,105
winner,105
collect,105
potato,105
deliv,105
compris,105
root,105
disclosur,105
launch,105
tailor,105
pick,105
lose,105
career,105
anywher,105
gone,105
india,105
prime,105
signatur,105
stanley,105
face,105
NM,105
docket,105
nick,105
thor,105
gentl,105
tue,105
dip,105
younger,105
issuanc,105
counti,105
what,105
powel,105
exact,105
beneficiari,105
flexibl,105
grad,105
christian,105
oliv,105
exce,105
faculti,105
jacki,105
ladi,105
eye,105
michel,105
shoulder,105
soar,105
china,105
imbal,105
room,105
mandatori,105
advisori,105
asst,105
monet,105
neglig,105
whether,105
TO,105
halloween,105
kim,105
keller,105
fallen,105
NE,105
independ,105
NO,105
clip,105
temper,105
Jo,105
agent,105
scoop,105
calend,105
marti,105
outlook,105
re,105
again,105
current,105
duncan,105
account,105
est,105
anonym,105
bottom,105
shawna,105
puerto,105
essenti,105
catch,105
approx,105
explicitli,105
cooper,105
abstract,105
yr,105
AT,105
privaci,105
lou,105
insid,105
penman,105
waco,105
giant,105
hank,105
analyt,105
germani,105
fire,105
lesli,105
georgeann,105
tina,105
obtain,105
tamara,105
tammi,105
outcom,105
jen,105
known,105
odd,105
outag,105
summari,105
zipper,105
merced,105
blast,105
lectur,105
have,105
nov,105
tom,105
upon,105
five,104
insan,104
written,104
note,104
joni,104
magic,104
for,104
fear,104
jake,104
summar,104
mitig,104
knock,104
rice,104
ban,104
fish,104
slight,104
interst,104
offshor,104
admit,104
certifi,104
mcmahon,104
slower,104
jana,104
alumni,104
portal,104
crisi,104
convent,104
concret,104
black,104
excess,104
pilot,104
meaningless,104
tobi,104
invent,104
anymor,104
foreign,104
marvin,104
emot,104
circl,104
histor,104
pablo,104
GA,104
dick,104
longest,104
synergi,104
segment,104
portion,104
alarm,104
retail,104
recent,104
procur,104
russ,104
jerk,104
opinion,104
militari,104
window,104
upcom,104
associ,104
string,104
Ca,104
proof,104
plain,104
cold,104
substanti,104
urgenc,104
match,104
wilson,104
refin,104
reliev,104
sap,104
bar,104
WE,104
lie,104
dynam,104
mouth,104
MG,104
lehman,104
dalla,104
antonio,104
urg,104
blanket,104
height,104
vinson,104
copyright,104
enhanc,104
cedric,104
stall,104
copper,104
SE,104
consid,104
fyi,104
burger,104
joel,104
colin,104
mutual,104
bad,104
hug,104
trey,104
wors,104
rude,104
victim,104
ingrid,104
startup,104
mack,104
mix,104
tent,104
jim,104
georgia,104
illustr,104
haircut,104
final,104
shelli,104
roommat,104
ratio,104
section,104
gallon,104
felip,104
compon,104
drunk,104
SB,104
lester,104
bridg,104
reserv,104
spreadsheet,104
fiona,104
adopt,104
vagu,104
matern,104
engag,104
badli,104
BE,104
venezuela,104
berkeley,104
ceo,104
event,104
visa,104
bodi,104
incorrect,104
healthi,104
robinson,104
barnett,104
privat,104
stephen,104
vice,104
slept,104
diagram,104
faith,104
sooner,104
constel,104
ruin,104
behavior,104
huber,104
ron,104
kick,104
diego,104
phillip,104
polic,104
acrobat,104
nichola,104
vacat,104
reliant,104
strang,104
success,104
chi,104
wrote,104
norman,104
equit,104
subscrib,104
miss,104
analyz,104
migrat,104
queen,104
warwick,104
interrupt,104
yea,104
cook,104
from,104
mona,104
mara,104
son,104
moodi,104
senior,104
significantli,104
bite,104
matrix,104
tennesse,104
easili,104
pressur,104
Do,104
discrimin,104
silver,104
inventori,104
visit,104
arena,104
boss,104
compens,104
tanya,104
complianc,104
promis,104
murray,103
bed,103
marri,103
sharehold,103
exchang,103
philip,103
submit,103
consent,103
teeth,103
HP,103
derrick,103
foot,103
orlean,103
nobl,103
suspens,103
luxuri,103
statement,103
earnest,103
wealth,103
shorten,103
substitut,103
earth,103
spanish,103
talent,103
center,103
gore,103
math,103
ye,103
plastic,103
envis,103
bind,103
intercept,103
killer,103
mcgowan,103
warranti,103
kindli,103
more,103
litig,103
extend,103
fell,103
tenn,103
compil,103
min,103
threshold,103
justic,103
medicin,103
suspect,103
bianca,103
forc,103
toni,103
orang,103
wright,103
Am,103
slot,103
westinghous,103
temperatur,103
narrow,103
palo,103
thought,103
modest,103
grill,103
diann,103
duran,103
voter,103
sheri,103
ownership,103
command,103
heard,103
thereof,103
ricardo,103
wagner,103
prize,103
mission,103
herein,103
omaha,103
FL,103
buckley,103
calendar,103
unit,103
kari,103
menu,103
edi,103
worth,103
chairman,103
grass,103
shower,103
manner,103
pertin,103
distanc,103
anna,103
confirm,103
el,103
absent,103
mall,103
rev,103
comparison,103
benjamin,103
shorter,103
rather,103
sir,103
easier,103
net,103
fairli,103
PR,103
accid,103
darren,103
set,103
item,103
oral,103
import,103
pennsylvania,103
denver,103
hungri,103
connecticut,103
remind,103
heather,103
structur,103
Go,103
joya,103
tech,103
steam,103
dividend,103
neil,103
destin,103
kirk,103
pinnacl,103
andrea,103
eugen,103
secret,103
remot,103
disclaim,103
latin,103
VA,103
and,103
groceri,103
resid,103
flood,103
mckay,103
annot,103
canyon,103
humor,103
lump,103
presto,103
rotat,103
sylvia,103
ton,103
difficult,103
keep,103
AL,103
distinguish,103
analys,103
fluctuat,103
ceas,103
taught,103
HR,103
apolog,103
norm,103
carr,103
joseph,103
evan,103
straight,103
assert,103
labor,103
indian,103
studi,103
paulo,103
level,103
anyth,103
averag,103
crandal,103
side,103
contributor,103
commenc,103
band,103
park,103
kayn,103
proport,103
cant,103
april,103
answer,103
doe,103
cute,103
deleg,102
dorothi,102
insight,102
janet,102
mine,102
coach,102
harlan,102
liter,102
explicit,102
exempt,102
defend,102
director,102
gleason,102
omnibu,102
befor,102
while,102
technic,102
sander,102
port,102
relief,102
todd,102
not,102
afford,102
wheatland,102
she,102
tier,102
self,102
grant,102
discount,102
heart,102
jointli,102
notif,102
synthet,102
caribbean,102
daniel,102
forum,102
sea,102
exxon,102
varianc,102
PG,102
larri,102
refund,102
prove,102
williamson,102
enabl,102
special,102
miguel,102
mailbox,102
diseas,102
particular,102
outlin,102
patch,102
melinda,102
barn,102
metric,102
tori,102
cambridg,102
clem,102
sampl,102
hawaii,102
laird,102
enemi,102
health,102
morgan,102
stark,102
AS,102
unawar,102
babi,102
mauricio,102
struck,102
fill,102
anybodi,102
gold,102
random,102
predict,102
clear,102
chanc,102
club,102
alicia,102
warrant,102
seal,102
movement,102
liz,102
refus,102
jacket,102
patrick,102
rorschach,102
thing,102
elena,102
incent,102
west,102
creek,102
custom,102
SW,102
curt,102
easiest,102
fulfil,102
edit,102
brazil,102
poor,102
david,102
ear,102
lamar,102
hobbi,102
raymond,102
divers,102
upload,102
isabel,102
govern,102
africa,102
Sr,102
king,102
registr,102
honest,102
chart,102
favor,102
plate,102
holland,102
resend,102
motiv,102
feder,102
bryan,102
hide,102
spous,102
februari,102
upper,102
mason,102
lean,102
overview,102
nearbi,102
genia,102
therein,102
maria,102
withheld,102
parent,102
sum,102
spec,102
jerri,102
albuquerqu,102
becki,102
walli,102
id,102
island,102
coleman,102
explos,102
chose,102
throughput,102
meyer,102
spain,102
friend,102
meant,102
butt,102
civil,102
okay,102
door,102
NJ,102
courtesi,102
breath,102
commerc,102
mar,102
powder,102
surprisingli,102
failur,102
patienc,102
jill,102
innov,102
To,102
courier,102
summit,102
iso,102
hall,102
clinton,102
hess,102
marshal,102
bundl,102
defer,102
percentag,102
tariff,102
filter,102
environ,102
RE,102
JV,102
therefor,102
challeng,102
expenditur,102
marcello,102
merril,102
marriag,102
affili,102
harold,102
easter,101
materi,101
nevertheless,101
justin,101
cole,101
likewis,101
solv,101
expens,101
andersen,101
carv,101
mean,101
katz,101
privileg,101
jan,101
shoot,101
bless,101
insur,101
led,101
everi,101
dissemin,101
editori,101
snow,101
landscap,101
mon,101
cap,101
perfect,101
budget,101
toler,101
treat,101
implement,101
certain,101
estim,101
sort,101
video,101
examin,101
acr,101
creat,101
stream,101
passeng,101
realiz,101
centuri,101
paint,101
increment,101
outsid,101
monitor,101
kong,101
candac,101
inconsist,101
track,101
angela,101
bit,101
bike,101
osman,101
ani,101
macro,101
jenkin,101
photo,101
comment,101
demonstr,101
motion,101
griffith,101
jere,101
viewer,101
billion,101
residu,101
jaim,101
brain,101
than,101
deepli,101
along,101
SO,101
bobbi,101
julia,101
june,101
pacif,101
desert,101
shake,101
mtg,101
guid,101
reproduct,101
lindsay,101
magazin,101
nuclear,101
absolut,101
till,101
teresa,101
neg,101
candi,101
martin,101
broke,101
opportun,101
screen,101
wolf,101
jon,101
implic,101
tree,101
woman,101
snack,101
state,101
spencer,101
workforc,101
assist,101
kenneth,101
idiot,101
sick,101
chick,101
mover,101
tie,101
nora,101
reagan,101
storm,101
catherin,101
own,101
accident,101
gerri,101
address,101
bother,101
collaps,101
million,101
definit,101
deni,101
tone,101
dish,101
either,101
harass,101
cordial,101
reunion,101
wire,101
asap,101
hang,101
cantrel,101
industri,101
encount,101
hour,101
distributor,101
kerri,101
nationwid,101
crowd,101
mainli,101
costli,101
PC,101
requir,101
pet,101
FT,101
salomon,101
capit,101
swap,101
confidenti,101
rene,101
equival,101
korea,101
municip,101
drawn,101
NC,101
exampl,101
colorado,101
alpha,101
junior,101
stick,101
wont,101
JP,101
professor,101
graham,101
forgiv,101
term,101
road,101
attack,101
western,101
complic,101
fin,101
kinder,101
wherev,101
background,101
boston,101
midst,101
pierr,101
ranch,101
button,101
batteri,101
complaint,101
credit,101
life,101
virginia,101
deriv,101
hurri,101
norma,101
proposit,101
sell,101
correspond,101
heavili,101
measur,101
DP,101
icc,101
solicit,101
counsel,101
duck,101
personnel,101
orig,101
overal,101
peggi,101
growth,101
expertis,101
abc,101
far,101
stewart,101
furnitur,101
gear,101
scale,101
spald,101
meredith,101
ground,101
seri,101
fifth,101
dispatch,101
consult,101
occur,101
neal,101
kiss,101
trend,101
celest,101
misti,101
workout,101
terribl,101
afraid,101
cycl,101
florida,101
errol,101
tim,101
document,101
effort,101
figur,101
nail,100
coincid,100
stearn,100
argentin,100
marlen,100
perez,100
memo,100
fare,100
robert,100
incid,100
cal,100
thin,100
lord,100
deficit,100
bailey,100
suffici,100
those,100
someth,100
shapiro,100
greenberg,100
AA,100
laptop,100
temporarili,100
climat,100
printout,100
pulp,100
junk,100
neck,100
experienc,100
camera,100
quit,100
rawson,100
leader,100
bullish,100
hart,100
indiana,100
brought,100
spark,100
align,100
name,100
emiss,100
My,100
adequ,100
kent,100
charlen,100
destroy,100
pot,100
they,100
et,100
superior,100
await,100
vol,100
men,100
employe,100
heaven,100
jacquelin,100
tara,100
lot,100
karla,100
rich,100
distribut,100
fundament,100
sutton,100
skill,100
herebi,100
yahoo,100
dust,100
crap,100
instruct,100
edward,100
common,100
ami,100
leach,100
unpaid,100
boulevard,100
declar,100
holli,100
tradit,100
nope,100
easi,100
resolut,100
dickson,100
allan,100
lora,100
cater,100
settl,100
lobbyist,100
OR,100
forego,100
mari,100
fergu,100
ohio,100
primari,100
meat,100
featur,100
transmitt,100
public,100
Up,100
stadium,100
andrew,100
increasingli,100
met,100
run,100
weigh,100
person,100
bedroom,100
cheryl,100
anderson,100
bitmap,100
thirti,100
domin,100
mac,100
hurrican,100
dari,100
lopez,100
uncertainti,100
guard,100
dutch,100
MO,100
cow,100
margaret,100
disrupt,100
ill,100
valid,100
left,100
prospect,100
midwest,100
somebodi,100
verif,100
climb,100
transport,100
ship,100
matter,100
nevada,100
cruis,100
barney,100
stomach,100
princip,100
unexpect,100
yep,100
kept,100
infrastructur,100
hyatt,100
steep,100
hilari,100
NY,100
vanessa,100
petit,100
logo,100
montana,100
glass,100
global,100
warren,100
reconsid,100
lap,100
low,100
awar,100
after,100
rider,100
with,100
presidenti,100
melani,100
plu,100
speed,100
heavi,100
mention,100
iv,100
curti,100
be,100
bend,100
broad,100
alloc,100
joan,100
dog,99
energi,99
danni,99
abl,99
donna,99
maxim,99
frequenc,99
guarantor,99
entir,99
spring,99
fli,99
duke,99
holder,99
christma,99
tournament,99
domain,99
wear,99
propos,99
septemb,99
task,99
atlanta,99
surplu,99
penni,99
unanim,99
russian,99
twenti,99
concern,99
baltimor,99
instant,99
suspend,99
curv,99
smell,99
comprehens,99
beg,99
rough,99
revolv,99
regulatori,99
folder,99
tva,99
bring,99
away,99
fielder,99
staci,99
altern,99
ran,99
explan,99
RH,99
sensit,99
billi,99
inde,99
broaden,99
hello,99
deserv,99
tripl,99
bert,99
suarez,99
joani,99
argentina,99
wayn,99
payment,99
descript,99
doctor,99
parquet,99
quicker,99
duan,99
wait,99
sought,99
firm,99
crew,99
ME,99
case,99
shanna,99
injunct,99
sleev,99
cash,99
reject,99
deep,99
specul,99
replic,99
too,99
otc,99
carlson,99
sheet,99
pub,99
both,99
memori,99
cooki,99
unusu,99
richard,99
driven,99
strateg,99
purpos,99
reconcil,99
scari,99
clock,99
overwhelm,99
sharp,99
placement,99
wow,99
anita,99
caption,99
marc,99
robbi,99
moran,99
aim,99
volum,99
fletch,99
crude,99
brant,99
sore,99
stab,99
schneider,99
coupl,99
mous,99
imag,99
promissori,99
barton,99
household,99
burton,99
fail,99
darrel,99
perspect,99
brennan,99
upstream,99
idea,99
write,99
focu,99
palmer,99
paperwork,99
preston,99
respons,99
amount,99
inflat,99
carlo,99
nanci,99
constantli,99
util,99
concert,99
consist,99
script,99
understood,99
malcolm,99
fulton,99
behind,99
federico,99
jeremi,99
salli,99
resort,99
volatil,99
irma,99
stuart,99
instead,99
accommod,99
extern,99
unreason,99
reorgan,99
cindi,99
trust,99
pace,99
highli,99
someon,99
collar,99
closest,99
count,99
bud,99
vision,99
verbal,99
view,99
haul,99
wendi,99
invest,99
zachari,99
that,99
unsuccess,99
signatori,99
chairperson,99
davi,99
maxwel,99
save,99
em,99
disk,99
appeal,99
margarita,99
sophist,99
alan,99
substanc,99
tool,99
issuer,99
ha,99
such,99
rumor,99
bishop,99
input,99
israel,99
start,99
postpon,99
highlight,98
ordinari,98
prayer,98
late,98
reid,98
tremend,98
pinto,98
katherin,98
appl,98
choos,98
mount,98
spare,98
guy,98
melissa,98
fellow,98
interpret,98
avenu,98
amen,98
maker,98
bail,98
counterpart,98
password,98
shane,98
owen,98
handout,98
kay,98
tokyo,98
continent,98
bentley,98
pretti,98
ventur,98
organiz,98
server,98
vendor,98
lock,98
sherri,98
bradley,98
overnight,98
stranger,98
aliv,98
directli,98
randal,98
began,98
march,98
sens,98
scheme,98
luci,98
smaller,98
acquisit,98
shown,98
somehow,98
tran,98
front,98
better,98
ascertain,98
flip,98
sub,98
moss,98
elabor,98
complet,98
fall,98
ibrahim,98
nathan,98
dozen,98
green,98
detail,98
reach,98
kendal,98
recoup,98
sound,98
lead,98
kennedi,98
art,98
hernandez,98
femal,98
rex,98
conform,98
portland,98
abov,98
clara,98
shirt,98
unknown,98
warehous,98
unpreced,98
lincoln,98
all,98
meal,98
barrier,98
carrol,98
paid,98
medic,98
went,98
architectur,98
arizona,98
baldwin,98
DJ,98
urgent,98
herod,98
jean,98
honor,98
wave,98
woodi,98
standpoint,98
forthcom,98
swim,98
traci,98
buchanan,98
vs,98
sky,98
Mo,98
golf,98
martinez,98
surpris,98
dell,98
intrast,98
goal,98
ever,98
seat,98
interoffic,98
session,98
usual,98
kate,98
hub,98
aggreg,98
languag,98
somewher,98
templat,98
blow,98
someday,98
salt,98
hear,98
var,98
sink,98
sue,98
abramo,98
jeffrey,98
warm,98
gate,98
construct,98
rita,98
Me,98
fact,98
archiv,98
done,98
remark,98
handi,98
scope,98
spokesman,98
rick,98
kaiser,98
curtail,98
larger,98
gasolin,98
becam,98
guidelin,98
felicia,98
benchmark,98
slip,98
instanc,98
acquir,98
supervisor,98
act,98
juri,98
incept,98
sole,98
HI,98
plaza,98
continu,98
gov,98
correl,98
southern,98
closer,98
margin,98
escal,98
eager,98
rio,98
manag,98
sherman,98
necessarili,98
agreeabl,98
compli,98
entitl,98
rememb,98
brook,98
els,98
philadelphia,98
headcount,98
wisdom,98
curiou,98
egg,98
endeavor,98
flaw,98
project,98
deliveri,98
matur,98
vicki,98
affair,98
cob,98
pig,98
preliminari,98
auction,98
epa,98
arthur,98
attende,98
ridg,97
carson,97
Is,97
matthia,97
asleep,97
essenc,97
fix,97
pa,97
drove,97
mechel,97
reaction,97
content,97
slow,97
hedg,97
backup,97
vital,97
pant,97
DB,97
prentic,97
itali,97
jeani,97
decad,97
daili,97
recollect,97
disappear,97
boardroom,97
societi,97
came,97
cobb,97
evelyn,97
johnson,97
inquir,97
gabriel,97
recreat,97
lucent,97
feel,97
reli,97
argument,97
entiti,97
happen,97
travel,97
did,97
IL,97
slide,97
methodolog,97
defeat,97
job,97
free,97
complex,97
arnold,97
interconnect,97
excit,97
wide,97
scott,97
simpl,97
jefferson,97
gay,97
safeti,97
reev,97
steel,97
stare,97
tip,97
microsoft,97
deborah,97
monica,97
unilater,97
secretari,97
manufactur,97
treasuri,97
pound,97
fan,97
sector,97
food,97
kingdom,97
fruit,97
fee,97
produc,97
kinney,97
taffi,97
kristin,97
ref,97
devic,97
freedom,97
whole,97
marcelo,97
armstrong,97
smooth,97
jess,97
viabl,97
attent,97
channel,97
tag,97
defect,97
mitchel,97
pickup,97
disput,97
clint,97
reconcili,97
older,97
lillian,97
edg,97
southeast,97
daren,97
middl,97
argu,97
town,97
stacey,97
sincer,97
alright,97
lanc,97
depress,97
altogeth,97
parker,97
parkway,97
joint,97
bush,97
strategi,97
invit,97
jeff,97
recogn,97
promot,97
travi,97
marilyn,97
tall,97
progress,97
dustin,97
simultan,97
SF,97
admiss,97
wanda,97
focus,97
print,97
swing,97
frazier,97
core,97
hook,97
mediat,97
angl,97
convert,97
thoreau,97
directori,97
partial,97
rehear,97
each,97
erni,97
book,97
Al,97
chapter,97
taft,97
webb,97
forgotten,97
been,97
acknowledg,97
sun,97
exist,97
wireless,97
composit,97
wrap,97
entri,97
mail,97
capac,97
susi,97
accus,97
herman,97
fault,97
tower,97
Co,97
hold,97
broadcast,97
die,97
worri,97
huh,97
absenc,97
rodeo,97
nelson,97
trader,97
ponder,97
ex,97
theme,97
wellhead,97
aron,97
san,97
attribut,97
prudent,97
renew,97
tiffani,97
retriev,97
LP,97
clarif,97
unabl,97
rocket,97
user,97
valv,97
pine,97
insist,97
prepay,97
awesom,97
appendix,97
tighten,97
puget,97
Mr,97
coastal,97
folk,97
univers,97
blank,97
frame,97
clarifi,97
strike,97
intel,97
problem,96
greatli,96
repres,96
rank,96
develop,96
peopl,96
prior,96
formul,96
breach,96
ration,96
pack,96
itinerari,96
hast,96
faster,96
akin,96
hair,96
pour,96
yellow,96
turn,96
web,96
lloyd,96
hodg,96
sever,96
phoenix,96
willing,96
inquiri,96
rise,96
commission,96
wholli,96
great,96
robust,96
jason,96
situat,96
landwehr,96
everybodi,96
visitor,96
bankrupt,96
reput,96
NA,96
lower,96
made,96
hat,96
museum,96
jessica,96
escap,96
proper,96
chicago,96
momentum,96
thane,96
subsidi,96
hogan,96
mani,96
founder,96
jack,96
breakfast,96
beverli,96
dec,96
spoke,96
sanchez,96
outsourc,96
transpar,96
paso,96
fletcher,96
dramat,96
interv,96
minist,96
previou,96
trademark,96
rout,96
Hi,96
court,96
wast,96
hous,96
panel,96
chad,96
surcharg,96
exit,96
their,96
natur,96
wise,96
gil,96
appoint,96
nat,96
writer,96
push,96
percept,96
dina,96
commun,96
excus,96
switch,96
calgari,96
obstacl,96
shape,96
diversifi,96
member,96
DO,96
dot,96
kati,96
seriou,96
child,96
televis,96
ben,96
wit,96
red,96
how,96
cheer,96
bid,96
debra,96
children,96
appris,96
color,96
type,96
RC,96
wax,96
iren,96
approach,96
paul,96
bone,96
bypass,96
massag,96
tawney,96
retent,96
twice,96
overlap,96
sail,96
rachel,96
loos,96
remedi,96
thoma,96
previous,96
notion,96
roberto,96
ibm,96
abandon,96
armi,96
due,96
defens,96
ch,96
transcript,96
anticip,96
vega,96
tight,96
paula,96
staff,96
dalton,96
attitud,96
notic,96
swig,96
even,96
ago,96
neighborhood,96
hood,96
farmer,96
apb,96
harri,96
establish,96
anxiou,96
comfort,96
koenig,96
joy,96
trick,96
jare,96
lesser,96
fest,96
sharon,96
salmon,96
anoth,96
acceler,96
factor,96
shed,96
compliment,96
appropri,96
baker,96
compromis,96
regina,96
sake,96
chandler,96
rival,96
bonus,96
ashley,96
brother,96
reason,96
swift,96
slowli,96
fourth,96
sugar,96
setup,96
assum,96
clayton,96
crystal,96
prevent,96
big,95
unauthor,95
cromwel,95
laid,95
attorney,95
given,95
wish,95
enorm,95
booth,95
franci,95
gari,95
attend,95
lara,95
blue,95
advers,95
controversi,95
sandra,95
are,95
cline,95
prefer,95
fever,95
SS,95
restat,95
compat,95
pat,95
express,95
gail,95
cent,95
erin,95
keenan,95
reform,95
extract,95
man,95
wa,95
decemb,95
prioriti,95
sydney,95
certainti,95
cecilia,95
support,95
sinc,95
assign,95
colleg,95
request,95
whichev,95
underwrit,95
airplan,95
practic,95
senat,95
extens,95
notabl,95
holst,95
modul,95
cargo,95
enough,95
betti,95
favorit,95
allegedli,95
fleme,95
supervis,95
box,95
exposur,95
chase,95
sponsorship,95
coast,95
download,95
pledg,95
magnitud,95
alonso,95
pro,95
southwest,95
hereto,95
disadvantag,95
surviv,95
alexand,95
accompani,95
simplifi,95
minut,95
francisco,95
fewer,95
leah,95
among,95
bass,95
commonwealth,95
incom,95
fatal,95
oscar,95
expect,95
matthew,95
mass,95
entranc,95
seen,95
below,95
behalf,95
ronni,95
site,95
check,95
poll,95
car,95
daughter,95
same,95
mere,95
dinner,95
virtual,95
isol,95
serial,95
insert,95
joe,95
conjunct,95
commod,95
jimmi,95
must,95
crucial,95
liabil,95
feet,95
properti,95
alter,95
recess,95
seven,95
claudia,95
modifi,95
casey,95
residenti,95
champion,95
cross,95
bank,95
eagl,95
autom,95
demo,95
nyse,95
lake,95
juli,95
lobbi,95
inclus,95
appar,95
bet,95
ET,95
max,95
restrict,95
turkey,95
justifi,95
reuter,95
third,95
reduct,95
Lu,95
hugh,95
viru,95
rhonda,95
dean,95
cheap,95
aris,95
quietli,95
EA,95
nice,95
spoken,95
bankruptci,95
headquart,95
first,95
york,95
rang,95
marathon,95
gen,95
moon,95
about,95
howdi,95
OH,95
gather,95
ralli,95
eta,95
monthli,95
toronto,95
custodi,95
photograph,95
kathryn,95
arriv,95
period,95
ltd,95
footbal,95
meanwhil,95
research,95
scan,95
never,95
gregori,95
sing,95
gretchen,95
ensur,95
sager,95
who,95
alleg,95
johnni,95
anim,95
tire,95
ryan,95
unsur,95
pagan,95
dirti,95
ambiti,95
repay,94
sausag,94
elizabeth,94
georg,94
hunt,94
dismiss,94
cellular,94
downgrad,94
compaq,94
squeez,94
lynn,94
dougla,94
om,94
zero,94
campbel,94
wing,94
tini,94
base,94
boyd,94
prepar,94
pam,94
smart,94
unaccept,94
lieu,94
bust,94
liber,94
tank,94
model,94
ruth,94
payabl,94
gene,94
smoke,94
worthi,94
biggest,94
ldc,94
pioneer,94
ricki,94
liar,94
kenni,94
kitchen,94
decid,94
rosi,94
evergreen,94
land,94
US,94
grave,94
janin,94
inc,94
huang,94
colleen,94
bryant,94
carri,94
join,94
standard,94
equat,94
royal,94
east,94
titl,94
quarter,94
storag,94
economi,94
lift,94
french,94
consider,94
antitrust,94
allen,94
bright,94
randi,94
proud,94
classic,94
pair,94
dear,94
thermal,94
guidanc,94
human,94
tenni,94
vivian,94
fine,94
harvey,94
god,94
basic,94
scroll,94
yield,94
quiet,94
jorg,94
suck,94
convers,94
rodriguez,94
subpoena,94
legitim,94
toward,94
newspap,94
weight,94
moral,94
claus,94
denis,94
patient,94
although,94
flight,94
techniqu,94
pager,94
marin,94
discharg,94
calcul,94
kyle,94
cfo,94
fiscal,94
keith,94
expand,94
crimin,94
strength,94
bucket,94
specialist,94
music,94
leagu,94
solut,94
santa,94
precis,94
regardless,94
mexican,94
II,94
lisa,94
tear,94
OF,94
entail,94
winter,94
pie,94
shield,94
were,94
pdt,94
presid,94
crazi,94
gilbert,94
miami,94
trillion,94
brief,94
space,94
th,94
involv,94
bret,94
mostli,94
player,94
fred,94
respect,94
hundr,94
aquila,94
hotel,94
dress,94
dark,94
institut,94
garden,94
pleasur,94
search,94
buy,94
outright,94
proprietari,94
carl,94
oversight,94
carmen,94
function,94
texaco,94
beth,94
icon,94
second,94
arkansa,94
believ,93
sentiment,93
educ,93
probabl,93
catalog,93
grew,93
singl,93
thoroughli,93
jonathan,93
UT,93
render,93
coordin,93
dream,93
danger,93
stay,93
inch,93
invoic,93
corey,93
walker,93
somewhat,93
plant,93
lamb,93
pure,93
satellit,93
noth,93
effect,93
australian,93
buri,93
strickland,93
edith,93
unwind,93
recoveri,93
principl,93
balanc,93
ass,93
bay,93
seem,93
sister,93
strip,93
spend,93
northeast,93
valu,93
phi,93
perkin,93
impact,93
amber,93
presenc,93
relianc,93
dump,93
government,93
tana,93
medium,93
primarili,93
horton,93
corner,93
agenda,93
born,93
condit,93
but,93
modif,93
bear,93
right,93
amanda,93
mcdonald,93
permit,93
adjust,93
daddi,93
pizza,93
flag,93
post,93
correct,93
action,93
characterist,93
close,93
theori,93
evidenc,93
thrill,93
casual,93
membership,93
instrument,93
watson,93
stronger,93
strengthen,93
referr,93
chair,93
flore,93
traffic,93
bird,93
survey,93
proxi,93
drink,93
adam,93
crawford,93
weather,93
edmund,93
specif,93
emphas,93
limit,93
merri,93
telecommun,93
canada,93
contend,93
penalti,93
pearc,93
stamp,93
le,93
MD,93
voic,93
declin,93
mood,93
chip,93
lotu,93
consensu,93
suit,93
laurel,93
teacher,93
CO,93
card,93
abel,93
pierc,93
maximum,93
dan,93
angri,93
lag,93
europ,93
collabor,93
brokerag,93
omit,93
stood,93
begin,93
dow,93
corn,93
marcu,93
bag,93
alex,93
mechan,93
inject,93
persist,93
hong,93
live,93
reiter,93
manipul,93
caught,93
hand,93
trigger,93
resign,93
our,93
piss,93
percent,93
similar,93
cultur,93
stem,93
newest,93
cough,92
doug,92
sender,92
detect,92
film,92
pipelin,92
durat,92
react,92
sturm,92
jacobi,92
tune,92
mandat,92
peer,92
lay,92
church,92
sarah,92
bond,92
cloth,92
rehears,92
horribl,92
glover,92
librari,92
dictat,92
transmit,92
histori,92
ene,92
tonight,92
rais,92
octob,92
vest,92
identifi,92
platform,92
style,92
compani,92
slightli,92
spell,92
russel,92
veronica,92
cours,92
hassl,92
messeng,92
blend,92
plaintiff,92
grace,92
richmond,92
option,92
downsid,92
jay,92
end,92
daylight,92
christin,92
GE,92
harper,92
tend,92
found,92
journey,92
politician,92
network,92
enjoy,92
roof,92
length,92
margi,92
male,92
remaind,92
IT,92
possibl,92
compos,92
rational,92
eas,92
broader,92
broker,92
categori,92
barri,92
environment,92
organ,92
head,92
yard,92
equal,92
hammer,92
pari,92
legislatur,92
walt,92
lynda,92
lang,92
just,92
AZ,92
ross,92
bound,92
smith,92
donat,92
kristen,92
down,92
purchas,92
intent,92
delainey,92
form,92
disagre,92
luce,92
uncertain,92
decor,92
do,92
twelv,92
wholesal,92
rees,92
conflict,92
partnership,92
commit,92
blood,92
la,92
whoever,92
drive,92
shirley,92
simmon,92
justif,92
rudi,92
chariti,92
clair,92
ford,92
void,92
agre,92
profession,92
hors,92
factual,92
chen,92
mi,92
bitch,92
drag,92
becom,92
domest,92
shock,92
accord,92
evalu,92
lin,92
cite,92
massiv,92
author,92
citi,92
basketbal,92
affirm,92
suppos,92
refer,92
stand,92
recipi,92
binder,92
rico,92
correctli,91
emphasi,91
bruce,91
without,91
corri,91
full,91
wood,91
elig,91
kristina,91
apart,91
toy,91
alreadi,91
gibb,91
exactli,91
simpli,91
campo,91
pattern,91
tactic,91
esq,91
thu,91
ann,91
iii,91
cyndi,91
contribut,91
felt,91
strongli,91
valuat,91
earn,91
craig,91
keegan,91
bout,91
leg,91
paper,91
qualif,91
feedback,91
embarrass,91
skip,91
dig,91
field,91
feed,91
drew,91
silli,91
routin,91
reschedul,91
auditor,91
accumul,91
discret,91
typic,91
cri,91
movi,91
richter,91
varieti,91
lui,91
buck,91
espinoza,91
intervent,91
entireti,91
hurt,91
stage,91
concur,91
parallel,91
buzz,91
UP,91
terrif,91
phase,91
shall,91
belong,91
notwithstand,91
exclud,91
devon,91
rhett,91
bowl,91
adventur,91
thanksgiv,91
tongu,91
etc,91
when,91
evil,91
imagin,91
sack,91
fraser,91
fri,91
dupont,91
deadlin,91
attract,91
stanford,91
aggress,91
lunch,91
columbia,91
wake,91
suprem,91
hectic,91
clifford,91
trial,91
offens,91
vincent,91
shortfal,91
hr,91
irena,91
treatment,91
elsewher,91
grow,91
rep,91
zone,91
chocol,91
paragraph,91
mental,91
defin,91
De,91
arbitr,91
roger,91
recognit,91
occurr,91
electron,91
gwyn,91
win,91
nativ,91
date,91
annoy,91
constant,91
encourag,91
discourag,91
ir,91
BS,91
villag,91
fwd,91
bill,91
paig,91
reduc,91
tragedi,91
approxim,90
seminar,90
true,90
clement,90
topic,90
yeah,90
becaus,90
doubt,90
franc,90
hell,90
flat,90
bryce,90
inher,90
muriel,90
closur,90
cubic,90
load,90
economist,90
price,90
lewi,90
visibl,90
harm,90
minu,90
tod,90
oasi,90
brandon,90
truck,90
build,90
rocki,90
relev,90
clariti,90
goldman,90
bidder,90
demand,90
pleasant,90
garcia,90
rel,90
panhandl,90
marsha,90
pile,90
congress,90
mother,90
freez,90
semest,90
rule,90
kansa,90
intend,90
confus,90
william,90
anthoni,90
obvious,90
recal,90
courtney,90
memorandum,90
gareth,90
blvd,90
wallac,90
rebook,90
choic,90
hansen,90
depth,90
harvard,90
lori,90
maintain,90
transfer,90
recommend,90
resourc,90
jame,90
bigger,90
mat,90
young,90
introduct,90
helen,90
fuller,90
tab,90
whatev,90
gener,90
dian,90
creativ,90
alma,90
offend,90
philipp,90
rush,90
throw,90
where,90
fulli,90
open,90
carolyn,90
neutral,90
variabl,90
ca,90
brazilian,90
formula,90
ad,90
joann,90
burlington,90
kinda,90
rose,90
com,90
trail,90
nobodi,90
familiar,90
garrett,90
samantha,90
via,90
london,90
mad,90
cell,90
takeov,90
bridget,90
direct,90
sharron,89
ceil,89
soccer,89
britt,89
nine,89
El,89
kara,89
gallup,89
administ,89
lb,89
swamp,89
suddenli,89
except,89
cousin,89
greatest,89
relat,89
darla,89
gross,89
importantli,89
CC,89
smtp,89
ideal,89
sale,89
Of,89
pertain,89
these,89
technolog,89
sandwich,89
chines,89
negoti,89
realli,89
appli,89
offset,89
contempl,89
ravi,89
coalit,89
remain,89
council,89
sponsor,89
english,89
freak,89
ethic,89
lee,89
brian,89
overhead,89
sara,89
monika,89
LB,89
hate,89
water,89
forster,89
accrual,89
regenc,89
divis,89
airport,89
ontario,89
owner,89
tomorrow,89
megawatt,89
elev,89
deem,89
everywher,89
scene,89
henderson,89
punish,89
polici,89
ramona,89
marketplac,89
amoco,89
elain,89
IS,89
RT,89
wherebi,89
corpor,89
gap,89
fenc,89
firmli,89
shortli,89
holm,89
roughli,89
lucki,89
promptli,89
instal,89
fed,89
smile,89
howev,89
LC,89
pend,89
enrol,89
esp,89
manual,89
flash,89
ultim,89
relax,89
explod,89
capitol,89
otherwis,89
atlant,89
over,89
kaufman,89
jesu,89
impress,89
lane,88
invok,88
terrorist,88
unwil,88
pink,88
flow,88
there,88
dead,88
Mt,88
everyday,88
break,88
train,88
contain,88
tyler,88
in,88
versu,88
concentr,88
exceed,88
receipt,88
much,88
rid,88
reed,88
inabl,88
jani,88
subsidiari,88
satisfactori,88
out,88
krishna,88
promin,88
inappropri,88
default,88
winston,88
albani,88
export,88
draft,88
mauric,88
oppos,88
miscellan,88
old,88
per,88
fashion,88
tast,88
discov,88
devot,88
belief,88
amelia,88
bate,88
realiti,88
ballot,88
consequ,88
certainli,88
wallet,88
feasibl,88
bonu,88
crack,88
data,88
ward,88
design,88
ave,88
speaker,88
pictur,88
mom,88
fair,88
puppi,88
translat,88
MW,88
oregon,88
truli,88
pencil,88
circul,88
TD,88
extrem,88
DC,88
pin,88
uncl,88
ramp,88
coffe,88
street,88
strict,88
scratch,88
polit,88
unfair,88
campu,88
tape,88
auto,88
susan,88
host,88
quotat,88
bia,88
janel,88
deliber,88
eduardo,88
non,88
told,88
joshua,88
jeann,88
alamo,88
schroeder,88
cdt,88
chain,88
con,88
coal,88
home,88
boilerpl,88
transmiss,88
dumb,87
impos,87
eight,87
sentenc,87
round,87
picker,87
occasion,87
overcom,87
paycheck,87
provis,87
cynthia,87
spot,87
bland,87
darlen,87
safe,87
homework,87
transit,87
ineffici,87
test,87
chronicl,87
leverag,87
symbol,87
coverag,87
interfer,87
creditor,87
golden,87
fund,87
lodg,87
diana,87
nerv,87
passport,87
analog,87
queue,87
robertson,87
meter,87
oh,87
financi,87
afterward,87
grove,87
rec,87
brown,87
ticket,87
recept,87
cox,87
bachelor,87
oblig,87
sad,87
click,87
shannon,87
recours,87
struggl,87
realist,87
op,87
taken,87
station,87
SA,87
par,87
steak,87
almost,87
short,87
birth,87
frequent,87
merg,87
berri,87
RR,87
karl,87
interven,87
tricia,87
stephani,87
class,87
bearish,87
graphic,87
sierra,87
lynch,87
assess,87
apprais,87
step,87
novel,87
pride,87
ident,87
we,87
sourc,87
joyc,87
sandi,87
tell,87
appear,86
reloc,86
brenda,86
worthwhil,86
suggest,86
incorpor,86
similarli,86
school,86
machin,86
earli,86
chief,86
url,86
info,86
MA,86
evolv,86
mario,86
least,86
truste,86
cameron,86
bandwidth,86
devis,86
shelley,86
publicli,86
beaver,86
freight,86
tour,86
articl,86
separ,86
finger,86
gerald,86
benson,86
downstream,86
TV,86
despit,86
jae,86
month,86
supposedli,86
erica,86
teach,86
swiss,86
pipe,86
roll,86
richardson,86
miller,86
shit,86
interact,86
tap,86
row,86
everyth,86
onc,86
cure,86
ellen,86
rod,86
airlin,86
questionnair,86
visual,86
highest,86
outrag,86
recov,86
liquid,86
larg,86
onto,86
unifi,86
italian,86
disposit,86
st,86
moniqu,86
rodney,86
inexpens,86
between,86
constru,86
gloria,86
nikki,86
grown,86
incorrectli,86
rate,86
imper,86
brochur,86
rodriquez,86
format,86
posit,86
bowen,86
competit,86
vernon,85
OK,85
extent,85
distil,85
introduc,85
leonardo,85
unclear,85
real,85
barbara,85
district,85
deduct,85
mode,85
yvett,85
gomez,85
tax,85
committe,85
exhaust,85
owe,85
entertain,85
expressli,85
Ph,85
hull,85
union,85
ridicul,85
river,85
GO,85
other,85
convey,85
wife,85
clarissa,85
injuri,85
jordan,85
mccarti,85
statu,85
warner,85
koch,85
asset,85
leadership,85
noon,85
configur,85
delawar,85
clean,85
baylor,85
bernic,85
consecut,85
inspir,85
celebr,85
wild,85
ana,85
vinc,85
begun,85
skeptic,85
identif,85
blanca,85
cabinet,85
beck,85
kill,85
mike,85
find,85
quinn,85
midway,85
guest,85
IN,85
weekli,84
lab,84
atti,84
lorrain,84
hung,84
aaron,84
fuel,84
social,84
conserv,84
student,84
St,84
boost,84
gambl,84
kean,84
bradford,84
perfectli,84
fiber,84
MK,84
column,84
stretch,84
whitehead,84
electr,84
creation,84
extraordinari,84
matt,84
might,84
breakout,84
corrupt,84
footnot,84
rub,84
phd,84
unlaw,84
deploy,84
PO,84
punch,84
quot,84
browser,84
multipl,84
discrep,84
perman,84
texa,84
gmt,84
oop,84
bjorn,84
clue,84
citizen,83
resel,83
referenc,83
softwar,83
steadi,83
harbor,83
cream,83
upward,83
cheaper,83
barrel,83
assumpt,83
outing,83
gu,83
printer,83
numer,83
jacob,83
goe,83
kevin,83
chat,83
dual,83
fat,83
victori,83
dave,83
dedic,83
dori,83
prod,83
read,83
concess,83
turnaround,83
bold,83
ancillari,83
respond,83
oct,83
guillermo,83
statist,83
analyst,83
index,83
alli,83
simul,83
soon,83
pr,83
calm,83
sage,83
subsequ,83
investor,83
disciplin,83
white,83
motor,82
Be,82
joke,82
danc,82
salad,82
ray,82
knee,82
initi,82
clark,82
pst,82
sec,82
two,82
reward,82
roman,82
sit,82
air,82
wharton,82
funni,82
phil,82
pass,82
MC,82
contractor,82
mess,82
no,82
allegheni,82
keen,82
valuabl,82
angel,82
program,82
madison,82
pollut,82
increas,82
stella,82
eat,82
dietrich,82
modern,82
Or,82
differenti,82
bulletin,82
timothi,82
divid,82
bibi,82
unlimit,82
extra,82
overlook,82
framework,81
word,81
legisl,81
suffic,81
eileen,81
jone,81
remov,81
togeth,81
bubbl,81
strong,81
carter,81
hardi,81
guess,81
fischer,81
pad,81
weak,81
got,81
arm,81
victoria,81
enclos,81
parti,81
ozzi,81
diamond,81
permian,81
thousand,81
marcia,81
geograph,81
premier,81
morn,81
sept,81
januari,81
decis,81
normal,81
bart,81
annual,81
leav,81
suppli,80
harder,80
garner,80
pray,80
unnecessari,80
achiev,80
dominion,80
terri,80
christina,80
accuraci,80
loss,80
piec,80
cari,80
basi,80
levi,80
text,80
conscienc,80
Ex,80
grid,80
potenti,80
cabl,80
colleagu,80
oklahoma,80
foundat,80
bare,80
voluntari,80
releas,80
news,80
minnesota,80
foster,80
awhil,80
shut,80
dyer,80
lindberg,79
eva,79
ring,79
deer,79
damn,79
craft,79
manhattan,79
incomplet,79
earlier,79
log,79
pursuant,79
physic,79
pep,79
ocean,79
stipul,79
rsvp,79
illeg,79
burk,78
creditworthi,78
listen,78
dial,78
money,78
lend,78
hospit,78
basin,78
neighbor,78
multipli,78
investig,78
former,77
murphi,77
emili,77
variou,77
hardwar,77
prompt,77
jami,77
valentin,77
rebuild,77
upset,77
whenev,77
cover,77
dealer,76
specifi,76
bernadett,76
treasur,76
screw,76
shackleton,76
camil,76
delay,76
inact,76
don,76
it,76
european,75
understand,75
moor,75
silent,75
inclin,75
weird,74
curri,74
ice,74
jurisdict,74
stabil,74
leonard,74
usag,74
conclud,73
chest,73
annex,73
nervou,73
collater,73
kind,73
exercis,72
impli,72
sold,72
wrong,72
IV,72
less,72
bullet,72
unregul,72
mysteri,71
bomb,70
lesson,70
doorstep,69
automat,69
steve,69
bath,67
deb,67
